Date,DAT, Plot,Instar1_per_Leaf, Instar3_per_Leaf,Instar4_per_Leaf,Total_WFnymph_per_leaf,Immature_Aphid/leaf,Adult_Aphid_per_Leaf,Total_Aphid_pre_leaf,Aphid Mummies w_exit holes,Aphid_mummies,WF_adult_per_leaf,Mites_per_Leaf,TRT,Product,Block
15-Aug,0,1,6.4,1.4,5.6,13.4,5.2,1.2,6.4,0,0,10.6,0.4,17,Untreated,1
15-Aug,0,2,16.2,6,5.6,27.8,73.2,8.8,82,0.1,0.3,18,0.2,17,Untreated,1
15-Aug,0,3,27,9.6,6,42.6,10.6,3,13.6,0,0,11.1,0,17,Untreated,2
15-Aug,0,4,52.8,1,1.8,55.6,33.6,6,39.6,0,0,11,0.2,17,Untreated,2
15-Aug,0,5,42.8,10.6,13.8,67.2,76.2,6,82.2,0.4,0.2,23.8,0,17,Untreated,3
15-Aug,0,6,18.4,4,6,28.4,24.6,3,27.6,0,0.4,19,0,17,Untreated,3
15-Aug,0,7,221.4,6.8,5.4,233.6,13,2.6,15.6,0,0,21.6,0,17,Untreated,4
15-Aug,0,8,50.6,8.4,9.4,68.4,30.4,3.2,33.6,0,0,20.3,0.6,17,Untreated,4
18-Aug,2,5,17.6,4.2,10.2,32,10.8,0.4,11.2,0.2,0.2,20.4,0,1,Sefina @ 30GPA,1
18-Aug,2,18,133.4,6.4,18.4,158.2,63.8,11.4,75.2,0,0.2,47.4,0.2,1,Sefina @ 30GPA,2
18-Aug,2,43,48.8,2.4,1.5,52.7,2.7,0.8,3.5,0,0,13.7,0,1,Sefina @ 30GPA,3
18-Aug,2,60,42.3,4.7,3.1,50.1,1.2,0,1.2,0,0,6.4,0,1,Sefina @ 30GPA,4
18-Aug,2,2,11.8,7.8,8.8,28.4,3.4,0.2,3.6,0,0,20.7,0.2,2,PQZ @ 30GPA,1
18-Aug,2,22,70.2,5,7.4,82.6,24,3,27,0,0,21.6,0.3,2,PQZ @ 30GPA,2
18-Aug,2,36,18.7,2.2,2.6,23.5,1.8,0,1.8,0,0,2.6,0,2,PQZ @ 30GPA,3
18-Aug,2,59,248.3,11.2,12.3,271.8,0,0,0,0,0,1.9,0.3,2,PQZ @ 30GPA,4
18-Aug,2,6,38.2,12,10.4,60.6,5.2,0,5.2,0,0,9.6,0.6,3,SivantoPrime-low rate @30GPA,1
18-Aug,2,20,257.8,8.4,10.8,277,0.2,0,0.2,0,0,33.2,0,3,SivantoPrime-low rate @30GPA,2
18-Aug,2,38,7,3.3,1.8,12.1,0.6,0,0.6,0,0,3.3,0,3,SivantoPrime-low rate @30GPA,3
18-Aug,2,52,26.2,4.6,4.9,35.7,0.4,0,0.4,0,0,2.2,0,3,SivantoPrime-low rate @30GPA,4
18-Aug,2,17,173.8,7.3,26.2,207.3,3.8,0.4,4.2,0,0,29.8,0,4,SivantoPrime-high rate @30GPA,1
18-Aug,2,29,50.4,3.8,3.4,57.6,2.8,0.2,3,0,0,3.6,0,4,SivantoPrime-high rate @30GPA,2
18-Aug,2,35,18,1,1.5,20.5,2,0,2,0,0,2.1,0,4,SivantoPrime-high rate @30GPA,3
18-Aug,2,63,38.6,3.6,45.3,87.5,0,0,0,0,0,2.1,0,4,SivantoPrime-high rate @30GPA,4
18-Aug,2,3,6.8,4.6,7.9,19.3,7,1,8,0.4,0.2,10.8,0,5,Courier SC @ 30GPA,1
18-Aug,2,19,131.6,9,6.2,146.8,9.8,2,11.8,0,0,54.4,0,5,Courier SC @ 30GPA,2
18-Aug,2,50,279.9,2.3,7.4,289.6,2.6,0.6,3.2,0,0,69,1.8,5,Courier SC @ 30GPA,3
18-Aug,2,56,10.3,3.2,3.2,16.7,26.6,4.5,31.1,0,0,7.3,0,5,Courier SC @ 30GPA,4
18-Aug,2,16,34.4,4.2,7.4,46,1.9,0.2,2.1,0,0,21.4,0.2,6,Assail 70WP @30 GPA,1
18-Aug,2,28,118.2,2.2,4.8,125.2,1,0.2,1.2,0,0,31.8,0,6,Assail 70WP @30 GPA,2
18-Aug,2,40,93.6,4.8,6,104.4,0.2,0,0.2,0,0,3.2,1,6,Assail 70WP @30 GPA,3
18-Aug,2,58,35.6,0.8,0.9,37.3,0.3,0,0.3,0,0,3.6,0.2,6,Assail 70WP @30 GPA,4
18-Aug,2,10,7.2,1.2,1.6,10,0.2,0,0.2,0,0,12.4,1.6,7,Carbine@30 GPA,1
18-Aug,2,27,93,8.4,13,114.4,1.8,0.4,2.2,0,0,42.6,0,7,Carbine@30 GPA,2
18-Aug,2,45,30,1.2,0.4,31.6,0.3,0.2,0.5,0,0,31,0,7,Carbine@30 GPA,3
18-Aug,2,64,8.4,1.7,2.5,12.6,0.4,0.3,0.7,0,0,5.3,0,7,Carbine@30 GPA,4
18-Aug,2,15,4.2,1,3.6,8.8,58.6,8.2,66.8,0.4,0,4.5,0.2,8,Orthene 97 + Bifenture EC,1
18-Aug,2,33,44.8,1.8,1.3,47.9,2.1,0.2,2.3,0,0,2.3,0,8,Orthene 97 + Bifenture EC,2
18-Aug,2,44,88.3,5.2,0.8,94.3,0.2,0,0.2,0.1,0,3,0,8,Orthene 97 + Bifenture EC,3
18-Aug,2,61,25.2,2.7,3.1,31,0.3,0.2,0.5,0,0,1.1,0,8,Orthene 97 + Bifenture EC,4
18-Aug,2,4,49.8,7.4,10.6,67.8,22.4,1.8,24.2,0,0,14.8,0.2,9,Knack,1
18-Aug,2,34,65.3,49.8,17.8,132.9,17.4,2.5,19.9,0,0,40,0,9,Knack,2
18-Aug,2,48,28.5,0.7,0.4,29.6,4.4,0.7,5.1,0,0,41.8,0,9,Knack,3
18-Aug,2,68,49.8,5.6,4.8,60.2,3.9,0.9,4.8,0,0,9.7,0,9,Knack,4
18-Aug,2,13,52.4,3.4,7.6,63.4,54,17.3,71.3,0,0,14.4,0,10,Knack + Bifenture EC,1
18-Aug,2,23,63.4,5.6,3.7,72.7,46.1,8.4,54.5,0,0.1,31.6,0,10,Knack + Bifenture EC,2
18-Aug,2,51,233.1,5.2,4.7,243,1.6,0.2,1.8,0,0,5.3,0,10,Knack + Bifenture EC,3
18-Aug,2,55,20.8,1.8,0.4,23,2,0,2,0,0,3.3,0,10,Knack + Bifenture EC,4
18-Aug,2,9,62.8,2.4,2.8,68,25.8,2.2,28,0,0,26.5,0,11,Sefina @ 10 GPA,1
18-Aug,2,32,20,2,1.8,23.8,3.4,0.4,3.8,0,0,32.7,0,11,Sefina @ 10 GPA,2
18-Aug,2,46,48.5,4.8,6.5,59.8,2.3,0.4,2.7,0,0,38.2,0,11,Sefina @ 10 GPA,3
18-Aug,2,67,128.4,9.8,10.4,148.6,14,1,15,0,0,12.6,0,11,Sefina @ 10 GPA,4
18-Aug,2,1,6.2,3.2,4.6,14,24.6,3.4,28,0,0,25.3,0.2,12,PQZ @ 10 GPA,1
18-Aug,2,24,93.4,6.4,6.7,106.5,76.4,9.2,85.6,0.3,0,48.4,0,12,PQZ @ 10 GPA,2
18-Aug,2,47,27.3,3.2,0.4,30.9,6.3,0.7,7,0,0,19.6,0,12,PQZ @ 10 GPA,3
18-Aug,2,57,38.4,4.5,5,47.9,1.4,0,1.4,0,0,6,0,12,PQZ @ 10 GPA,4
18-Aug,2,12,161.8,7.6,17,186.4,15.2,2.4,17.6,0,0,27,0,13,SivantoPrime-low rate@ 10GPA,1
18-Aug,2,21,85,12.6,11.4,109,7.6,1,8.6,0,0,35.4,0.2,13,SivantoPrime-low rate@ 10GPA,2
18-Aug,2,37,93.6,6.2,3.7,103.5,5.6,1.2,6.8,0.2,0,19,0,13,SivantoPrime-low rate@ 10GPA,3
18-Aug,2,53,24,1.1,2.3,27.4,7.3,1.7,9,0,0,5.8,0,13,SivantoPrime-low rate@ 10GPA,4
18-Aug,2,8,106.8,4,8.6,119.4,10.2,0.6,10.8,0,0,23,0,14,SivantoPrime-high rate @ 10 GPA,1
18-Aug,2,30,373.4,26.4,10.6,410.4,11.6,1.6,13.2,0,0,47.6,0,14,SivantoPrime-high rate @ 10 GPA,2
18-Aug,2,39,95.2,14,8.5,117.7,8.1,0.7,8.8,0,0,18.4,0,14,SivantoPrime-high rate @ 10 GPA,3
18-Aug,2,65,17.2,4.4,5,26.6,0.8,0,0.8,0,0,4.5,0,14,SivantoPrime-high rate @ 10 GPA,4
18-Aug,2,14,38.4,1.4,1.6,41.4,7.6,1,8.6,0.2,0,13.2,0,15,Courier SC @10GPA,1
18-Aug,2,26,145.2,9.3,9.4,163.9,4.6,1,5.6,0,0,55,0,15,Courier SC @10GPA,2
18-Aug,2,41,55.4,4,4.8,64.2,18.2,2.7,20.9,0.9,0,55.4,0.4,15,Courier SC @10GPA,3
18-Aug,2,62,36.2,7.2,5.6,49,4,0.3,4.3,0,0,2.9,0.2,15,Courier SC @10GPA,4
18-Aug,2,11,149.8,0.8,2.4,153,2.8,0.4,3.2,0,0,18,0,16,Assail 70WP @10GPA,1
18-Aug,2,25,70.2,4.2,7,81.4,92.2,9.3,101.5,0.1,0.4,53.2,0,16,Assail 70WP @10GPA,2
18-Aug,2,42,60.9,4,5.6,70.5,0.4,0,0.4,0,0,37.7,2,16,Assail 70WP @10GPA,3
18-Aug,2,54,22.2,18.3,20.7,61.2,5.8,0.4,6.2,0,0,6,0.9,16,Assail 70WP @10GPA,4
18-Aug,2,7,55.8,12.6,17.4,85.8,16.8,1,17.8,0,0,26,0,17,Untreated,1
18-Aug,2,31,172.4,5.7,4.7,182.8,17.6,2.9,20.5,0,0,46.8,0,17,Untreated,2
18-Aug,2,49,19.3,0.9,1.3,21.5,8.8,1.8,10.6,0,0,16,0,17,Untreated,3
18-Aug,2,66,18.5,4.3,3.1,25.9,5.6,0.8,6.4,0,0,9.6,0,17,Untreated,4
23-Aug,7,5,66.6,1.6,0,68.2,0,0,0,0,0,7.9,0,1,Sefina @ 30GPA,1
23-Aug,7,18,26.6,4.6,1,32.2,3,0.8,3.8,0,0,27.1,0,1,Sefina @ 30GPA,2
23-Aug,7,43,22.4,8,4.3,34.7,0,0,0,0,0,6.5,0,1,Sefina @ 30GPA,3
23-Aug,7,60,93.6,12.1,0.8,106.5,0,0,0,0,0,3.2,0,1,Sefina @ 30GPA,4
23-Aug,7,2,30.7,2.3,0.9,33.9,0,0,0,0,0,2.5,0,2,PQZ @ 30GPA,1
23-Aug,7,22,19.2,9.7,5.2,34.1,0,0,0,0,0,1.7,0,2,PQZ @ 30GPA,2
23-Aug,7,36,12.6,1.4,0.5,14.5,0.4,0,0.4,0,0,2.1,0,2,PQZ @ 30GPA,3
23-Aug,7,59,37.4,3.3,1.9,42.6,0,0,0,0,0,3.1,0,2,PQZ @ 30GPA,4
23-Aug,7,6,69.8,6.4,2,78.2,1.4,0,1.4,0.2,0,2.4,0,3,SivantoPrime-low rate @30GPA,1
23-Aug,7,20,19.2,5.2,4.4,28.8,0,0,0,0,0,2.7,0.2,3,SivantoPrime-low rate @30GPA,2
23-Aug,7,38,27.3,2.6,1,30.9,0.4,0,0.4,0,0,3,0.4,3,SivantoPrime-low rate @30GPA,3
23-Aug,7,52,72.8,4.8,2,79.6,0.1,0,0.1,0,0,1.9,0,3,SivantoPrime-low rate @30GPA,4
23-Aug,7,17,50.8,6.3,0.6,57.7,4.1,0.3,4.4,0,0,7.7,0,4,SivantoPrime-high rate @30GPA,1
23-Aug,7,29,12.3,1.7,1.6,15.6,0,0,0,0,0,3.3,0,4,SivantoPrime-high rate @30GPA,2
23-Aug,7,35,9.2,3,1.8,14,0.4,0,0.4,0,0,4,0.2,4,SivantoPrime-high rate @30GPA,3
23-Aug,7,63,186,15.8,5,206.8,0,0,0,0,0,14,0,4,SivantoPrime-high rate @30GPA,4
23-Aug,7,3,50.8,3,1,54.8,61.4,5,66.4,0.2,0,13.9,0,5,Courier SC @ 30GPA,1
23-Aug,7,19,40.6,3.2,2.8,46.6,8.3,1.3,9.6,0.2,0,18.2,0,5,Courier SC @ 30GPA,2
23-Aug,7,50,239.8,8,14,261.8,0.2,0.4,0.6,0,0,16.5,0,5,Courier SC @ 30GPA,3
23-Aug,7,56,97.8,0.4,1.2,99.4,4.8,1.2,6,0,0,6.6,0.5,5,Courier SC @ 30GPA,4
23-Aug,7,16,68.8,6,2.3,77.1,0.4,0,0.4,0,0,3.4,0,6,Assail 70WP @30 GPA,1
23-Aug,7,28,52.6,0.4,1.4,54.4,0,0,0,0,0,5.2,0,6,Assail 70WP @30 GPA,2
23-Aug,7,40,18,3,4.4,25.4,0,0,0,0.2,0,1.4,0.2,6,Assail 70WP @30 GPA,3
23-Aug,7,58,65,12.6,15,92.6,0,0,0,0,0,8.7,0,6,Assail 70WP @30 GPA,4
23-Aug,7,10,109.8,21.9,7,138.7,0,0,0,0,0.2,18.7,0,7,Carbine@30 GPA,1
23-Aug,7,27,23.8,3,0.4,27.2,0,0,0,0,0,14.8,0,7,Carbine@30 GPA,2
23-Aug,7,45,53.4,6.8,4.3,64.5,0,0,0,0,0,14.9,0,7,Carbine@30 GPA,3
23-Aug,7,64,200.2,21.6,6.8,228.6,0,0,0,0,0,49.5,0,7,Carbine@30 GPA,4
23-Aug,7,15,46.2,6.5,5.7,58.4,18.3,2.7,21,0,0,2.8,0,8,Orthene 97 + Bifenture EC,1
23-Aug,7,33,25.8,6.5,5.8,38.1,1.7,0,1.7,0,0,4.8,0,8,Orthene 97 + Bifenture EC,2
23-Aug,7,44,39,4.4,0.5,43.9,3.6,1,4.6,0,0,2.6,0,8,Orthene 97 + Bifenture EC,3
23-Aug,7,61,127,9,8.4,144.4,0.8,0.2,1,0.2,0,10.8,0.2,8,Orthene 97 + Bifenture EC,4
23-Aug,7,4,35.4,1.4,0.6,37.4,2.6,0.8,3.4,0,0,26.8,0,9,Knack,1
23-Aug,7,34,50,8.6,2.2,60.8,9,4.8,13.8,0.4,0,11.8,0,9,Knack,2
23-Aug,7,48,62,3.4,0.3,65.7,0.5,0.4,0.9,0,0,7.7,0,9,Knack,3
23-Aug,7,68,146.7,14.4,8.4,169.5,5,1.2,6.2,0,0,9.8,0.1,9,Knack,4
23-Aug,7,13,54.6,5.7,1.2,61.5,11.1,6,17.1,0,0,7.2,0,10,Knack + Bifenture EC,1
23-Aug,7,23,42,1.6,2.1,45.7,8.4,2,10.4,0.2,0,1.9,0,10,Knack + Bifenture EC,2
23-Aug,7,51,94.8,15.7,3.5,114,8,1.6,9.6,0.2,0,4.2,0,10,Knack + Bifenture EC,3
23-Aug,7,55,57.6,11,3.4,72,7.2,2.3,9.5,0.2,0,2.9,0,10,Knack + Bifenture EC,4
23-Aug,7,9,167,14.5,7.1,188.6,1.8,0,1.8,0,0,33.9,0.4,11,Sefina @ 10 GPA,1
23-Aug,7,32,279,15.3,5.6,299.9,0.3,0,0.3,0,0,8.8,0,11,Sefina @ 10 GPA,2
23-Aug,7,46,26.4,4.3,3.3,34,2.4,1,3.4,0,0,11,0,11,Sefina @ 10 GPA,3
23-Aug,7,67,318.9,8.8,3,330.7,3.6,1,4.6,0.4,0,48.2,0.2,11,Sefina @ 10 GPA,4
23-Aug,7,1,76.6,6.5,5.2,88.3,0.8,0.3,1.1,0,0,3.9,0,12,PQZ @ 10 GPA,1
23-Aug,7,24,23,6.8,2.1,31.9,3.6,0,3.6,0,0,6.1,0,12,PQZ @ 10 GPA,2
23-Aug,7,47,50.2,7.7,6.1,64,2,0.4,2.4,0,0,5.7,0,12,PQZ @ 10 GPA,3
23-Aug,7,57,121.4,4.6,1.8,127.8,0.8,0,0.8,0,0,22.8,0,12,PQZ @ 10 GPA,4
23-Aug,7,12,38.4,1.2,0.4,40,0.3,0,0.3,0,0,9.2,0,13,SivantoPrime-low rate@ 10GPA,1
23-Aug,7,21,256.8,16.2,6.4,279.4,0.4,0,0.4,0,0,3.4,0,13,SivantoPrime-low rate@ 10GPA,2
23-Aug,7,37,60.4,6,4,70.4,1.6,0.7,2.3,0,0,6.6,0,13,SivantoPrime-low rate@ 10GPA,3
23-Aug,7,53,43.6,2.5,0.8,46.9,0,0.2,0.2,0,0,2.1,0,13,SivantoPrime-low rate@ 10GPA,4
23-Aug,7,8,169,13,6,188,49.2,5.3,54.5,0,0,15.4,0,14,SivantoPrime-high rate @ 10 GPA,1
23-Aug,7,30,33.6,3.6,2.4,39.6,0.3,0,0.3,0,0,2.5,0.4,14,SivantoPrime-high rate @ 10 GPA,2
23-Aug,7,39,92,15,5.2,112.2,0,0,0,0,0,3.3,0,14,SivantoPrime-high rate @ 10 GPA,3
23-Aug,7,65,293.4,39.6,6.7,339.7,0.8,0,0.8,0,0,32.5,0.3,14,SivantoPrime-high rate @ 10 GPA,4
23-Aug,7,14,43.2,0,0,43.2,26.3,4.8,31.1,0,0,12,0,15,Courier SC @10GPA,1
23-Aug,7,26,67.2,4.1,6.2,77.5,4.6,0.6,5.2,0,0,10.5,0,15,Courier SC @10GPA,2
23-Aug,7,41,201.6,7.2,5.6,214.4,0.6,0,0.6,0,0,10.4,0,15,Courier SC @10GPA,3
23-Aug,7,62,283.7,39.2,15.6,338.5,0.6,0.2,0.8,0,0,14.9,0,15,Courier SC @10GPA,4
23-Aug,7,11,42.4,4.3,3.3,50,0,0,0,0,0,4.4,0,16,Assail 70WP @10GPA,1
23-Aug,7,25,75.4,1.7,1.7,78.8,0.2,0,0.2,0,0,4.1,0,16,Assail 70WP @10GPA,2
23-Aug,7,42,215.4,19.7,3.9,239,0,0,0,0,0,10.6,0,16,Assail 70WP @10GPA,3
23-Aug,7,54,30.4,11,4.3,45.7,0.2,0,0.2,0,0,6.3,0,16,Assail 70WP @10GPA,4
23-Aug,7,7,119.2,12.7,4.4,136.3,7.6,1.4,9,0,0,26.5,0,17,Untreated,1
23-Aug,7,31,351.3,6,2.7,360,0,0,0,0,0,8.2,0,17,Untreated,2
23-Aug,7,49,45.3,4.4,1.9,51.6,1.5,0,1.5,0,0,13.6,0,17,Untreated,3
23-Aug,7,66,118,6.4,5.2,129.6,10.6,2.2,12.8,0,0,19.2,0,17,Untreated,4
29-Aug,13,5,29,11.1,5.7,45.8,0,0,0,0,0,8,0,1,Sefina @ 30GPA,1
29-Aug,13,18,14.4,3,2.4,19.8,7.2,1.2,8.4,0,0,16.2,0,1,Sefina @ 30GPA,2
29-Aug,13,43,328.1,15.6,11.5,355.2,3.2,1,4.2,0.6,0.1,9.8,0,1,Sefina @ 30GPA,3
29-Aug,13,60,85.7,30.8,23.7,140.2,0,0,0,0,0,8.7,0.1,1,Sefina @ 30GPA,4
29-Aug,13,2,12,2.4,6,20.4,0,0,0,0,0,3.4,0.2,2,PQZ @ 30GPA,1
29-Aug,13,22,20.2,2.8,4,27,0.3,0.2,0.5,0,0,3.2,0,2,PQZ @ 30GPA,2
29-Aug,13,36,6.3,2.1,4.4,12.8,0,0,0,0,0,5,0,2,PQZ @ 30GPA,3
29-Aug,13,59,36.8,9.7,8.4,54.9,0,0,0,0,0,1.4,0,2,PQZ @ 30GPA,4
29-Aug,13,6,16.3,11.7,20.5,48.5,0,0.2,0.2,0,0,8.5,0.8,3,SivantoPrime-low rate @30GPA,1
29-Aug,13,20,47,9.6,8.3,64.9,0,0,0,0,0,4.5,0.2,3,SivantoPrime-low rate @30GPA,2
29-Aug,13,38,18,8.4,4.5,30.9,0,0,0,0,0,4.3,2.8,3,SivantoPrime-low rate @30GPA,3
29-Aug,13,52,24.8,17.5,11.2,53.5,0,0,0,0,0,3.3,0.3,3,SivantoPrime-low rate @30GPA,4
29-Aug,13,17,48.8,9,8.5,66.3,3.3,0.8,4.1,0,0,16.4,0,4,SivantoPrime-high rate @30GPA,1
29-Aug,13,29,23.5,15.2,2,40.7,0,0,0,0,0,4.2,0.3,4,SivantoPrime-high rate @30GPA,2
29-Aug,13,35,11.4,2.8,3.9,18.1,0.1,0,0.1,0,0,7.4,0,4,SivantoPrime-high rate @30GPA,3
29-Aug,13,63,18.4,10,7.3,35.7,0,0,0,0,0,3.3,0,4,SivantoPrime-high rate @30GPA,4
29-Aug,13,3,68.4,4.2,1,73.6,2.2,0.2,2.4,0,0,12.9,0,5,Courier SC @ 30GPA,1
29-Aug,13,19,162.4,54.8,10.3,227.5,2.4,0.4,2.8,0,0,21.7,0,5,Courier SC @ 30GPA,2
29-Aug,13,50,286.4,21.4,12.3,320.1,0.7,0.6,1.3,0,0,18.1,0,5,Courier SC @ 30GPA,3
29-Aug,13,56,50.4,7.7,1.7,59.8,0.3,0.5,0.8,0,0,13.2,0.1,5,Courier SC @ 30GPA,4
29-Aug,13,16,19.2,2.8,3.2,25.2,0.2,0,0.2,0,0,6.4,0,6,Assail 70WP @30 GPA,1
29-Aug,13,28,50.1,8.4,4,62.5,0.8,0,0.8,0,0,5.6,0,6,Assail 70WP @30 GPA,2
29-Aug,13,40,55.6,9.6,6.5,71.7,0,0,0,0,0,2.4,0.5,6,Assail 70WP @30 GPA,3
29-Aug,13,58,41.6,20.6,9.7,71.9,0,0,0,0,0,6.3,0,6,Assail 70WP @30 GPA,4
29-Aug,13,10,177.6,26.4,34,238,0,0,0,0,0,25,0.2,7,Carbine@30 GPA,1
29-Aug,13,27,98.4,14.8,12.5,125.7,0,0,0,0,0,48.6,0,7,Carbine@30 GPA,2
29-Aug,13,45,73.2,14.5,6.4,94.1,0.5,0,0.5,0,0,31.5,0,7,Carbine@30 GPA,3
29-Aug,13,64,89.2,47.3,30,166.5,0.2,0,0.2,0,0,33.9,0,7,Carbine@30 GPA,4
29-Aug,13,15,7.2,5.3,8,20.5,4,1.4,5.4,0,0,4.9,0,8,Orthene 97 + Bifenture EC,1
29-Aug,13,33,70,16.1,6.8,92.9,21.2,5,26.2,0,0,15.6,0,8,Orthene 97 + Bifenture EC,2
29-Aug,13,44,81.1,63.3,39.3,183.7,25.7,5.6,31.3,0,0,6.3,0,8,Orthene 97 + Bifenture EC,3
29-Aug,13,61,91.2,26.4,8,125.6,2,1.1,3.1,0,0,15.7,0,8,Orthene 97 + Bifenture EC,4
29-Aug,13,4,19.4,9,4.2,32.6,0.4,0,0.4,0,0,7.1,0,9,Knack,1
29-Aug,13,34,62,30,17.9,109.9,0.8,0.4,1.2,0,0,23.1,0,9,Knack,2
29-Aug,13,48,15.5,19.6,8.3,43.4,0.5,0,0.5,0,0,8.8,0,9,Knack,3
29-Aug,13,68,103.3,22.5,7.5,133.3,1.6,0.7,2.3,0,0,2.1,0,9,Knack,4
29-Aug,13,13,17.2,7.5,3.7,28.4,0.4,0.7,1.1,0,0,6.5,0,10,Knack + Bifenture EC,1
29-Aug,13,23,16,13.2,7.9,37.1,2,1.2,3.2,0,0.1,9.3,0,10,Knack + Bifenture EC,2
29-Aug,13,51,32.4,51.7,33.7,117.8,1.2,0.7,1.9,0,0,3.9,0,10,Knack + Bifenture EC,3
29-Aug,13,55,10.8,37.8,41,89.6,0.4,0.6,1,0.2,0,4.2,0,10,Knack + Bifenture EC,4
29-Aug,13,9,210.5,27.1,17.4,255,0.8,0.2,1,0,0,15.1,0,11,Sefina @ 10 GPA,1
29-Aug,13,32,141.2,43.6,21.8,206.6,0,0,0,0,0,32.3,0,11,Sefina @ 10 GPA,2
29-Aug,13,46,98,20.4,9.2,127.6,0,0,0,0,0,28.6,0,11,Sefina @ 10 GPA,3
29-Aug,13,67,368.2,72.5,59,499.7,19.7,7.3,27,0,0,39.5,0,11,Sefina @ 10 GPA,4
29-Aug,13,1,38.8,15,14,67.8,0,0,0,0,0,6.9,0,12,PQZ @ 10 GPA,1
29-Aug,13,24,46.3,8.4,2.6,57.3,2,0.3,2.3,0,0,11.4,0,12,PQZ @ 10 GPA,2
29-Aug,13,47,67,28.5,9.7,105.2,0.4,0.3,0.7,0,0.1,15.7,0,12,PQZ @ 10 GPA,3
29-Aug,13,57,71.1,28.3,10.7,110.1,9.2,1.5,10.7,0,0,27.4,0,12,PQZ @ 10 GPA,4
29-Aug,13,12,55.7,20,14,89.7,1.2,0.4,1.6,0,0,16.5,0,13,SivantoPrime-low rate@ 10GPA,1
29-Aug,13,21,111.8,22.3,22.8,156.9,0.1,0,0.1,0,0,11.8,0,13,SivantoPrime-low rate@ 10GPA,2
29-Aug,13,37,83,19.2,14,116.2,1.6,0.3,1.9,0,0,25.7,0,13,SivantoPrime-low rate@ 10GPA,3
29-Aug,13,53,61,58,50.8,169.8,6,1.2,7.2,0,0,24,0,13,SivantoPrime-low rate@ 10GPA,4
29-Aug,13,8,0.8,37.4,42.8,81,4.9,3.7,8.6,0,0,7.5,0.1,14,SivantoPrime-high rate @ 10 GPA,1
29-Aug,13,30,228.2,50,43,321.2,0,0,0,0,0,38.6,0.1,14,SivantoPrime-high rate @ 10 GPA,2
29-Aug,13,39,30.1,7.5,6.8,44.4,3.5,0.1,3.6,0,0,13.9,0,14,SivantoPrime-high rate @ 10 GPA,3
29-Aug,13,65,71.6,19.3,8,98.9,0.4,0.1,0.5,0,0,26.6,0.3,14,SivantoPrime-high rate @ 10 GPA,4
29-Aug,13,14,8.2,0.4,1.2,9.8,0.6,0.3,0.9,0,0,10.6,0,15,Courier SC @10GPA,1
29-Aug,13,26,130.2,26.3,13.7,170.2,5.4,1.4,6.8,0,0,33.4,0.3,15,Courier SC @10GPA,2
29-Aug,13,41,274.1,35.2,25,334.3,0,0,0,0,0,9.1,0,15,Courier SC @10GPA,3
29-Aug,13,62,145.6,37.3,24.4,207.3,0.2,0,0.2,0,0,11.9,0.2,15,Courier SC @10GPA,4
29-Aug,13,11,124.5,23.7,21.6,169.8,0,0,0,0,0,9.3,0.2,16,Assail 70WP @10GPA,1
29-Aug,13,25,84.3,12,7.1,103.4,3.9,0.8,4.7,0,0,12.1,0,16,Assail 70WP @10GPA,2
29-Aug,13,42,162.8,32.5,17.7,213,0,0,0,0,0,39.6,0,16,Assail 70WP @10GPA,3
29-Aug,13,54,41.9,12.3,10.1,64.3,4.2,1.5,5.7,0,0,11.5,0,16,Assail 70WP @10GPA,4
29-Aug,13,7,88.6,58.3,10,156.9,4.7,1.5,6.2,0,0,18.3,0,17,Untreated,1
29-Aug,13,31,399.8,21.5,10.7,432,0,0,0,0,0,3.4,0,17,Untreated,2
29-Aug,13,49,131.7,47.2,12.4,191.3,40,9.4,49.4,0,0,25.3,0,17,Untreated,3
29-Aug,13,66,125.6,26.8,15.2,167.6,17.8,5.6,23.4,0,0,32,0,17,Untreated,4
1-Sep,2-DAT-2,5,25.2,33.6,17.4,76.2,0,0,0,0,0,6.5,0,1,Sefina @ 30GPA,1
1-Sep,2-DAT-2,18,81,18.8,8.4,108.2,6.1,1.2,7.3,0,0,9.2,0,1,Sefina @ 30GPA,2
1-Sep,2-DAT-2,43,63.2,71.2,45.2,179.6,0.2,0,0.2,0,0,11,0,1,Sefina @ 30GPA,3
1-Sep,2-DAT-2,60,435.4,230.8,137.8,804,0,0,0,0.2,0.2,13.7,0.6,1,Sefina @ 30GPA,4
1-Sep,2-DAT-2,2,30.8,105.2,50.3,186.3,0,0,0,0,0,1.7,0.1,2,PQZ @ 30GPA,1
1-Sep,2-DAT-2,22,22.6,15.2,10.3,48.1,0.4,0,0.4,0,0,2.4,0.3,2,PQZ @ 30GPA,2
1-Sep,2-DAT-2,36,7.1,7.4,10.4,24.9,1.5,0.7,2.2,0,0,1.5,0,2,PQZ @ 30GPA,3
1-Sep,2-DAT-2,59,142,31.1,8,181.1,0,0,0,0,0.6,1.5,1.6,2,PQZ @ 30GPA,4
1-Sep,2-DAT-2,6,10.4,14.5,10.4,35.3,0,0,0,0,0,2.8,2.5,3,SivantoPrime-low rate @30GPA,1
1-Sep,2-DAT-2,20,19.1,18.8,10.9,48.8,0.2,0,0.2,0,0,2.6,0.1,3,SivantoPrime-low rate @30GPA,2
1-Sep,2-DAT-2,38,35.6,21.1,11.5,68.2,0,0,0,0,0,3.6,1.6,3,SivantoPrime-low rate @30GPA,3
1-Sep,2-DAT-2,52,82,41,14.6,137.6,0,0,0,0,0,2.5,0.8,3,SivantoPrime-low rate @30GPA,4
1-Sep,2-DAT-2,17,26.4,55.2,49.6,131.2,0.9,0.3,1.2,0,0,5.8,0,4,SivantoPrime-high rate @30GPA,1
1-Sep,2-DAT-2,29,12.6,4.5,2.5,19.6,0,0,0,0,0,6.1,0,4,SivantoPrime-high rate @30GPA,2
1-Sep,2-DAT-2,35,28,40.1,37.7,105.8,0.9,0.3,1.2,0,0,6,0.5,4,SivantoPrime-high rate @30GPA,3
1-Sep,2-DAT-2,63,68.3,44,20.7,133,0.9,0,0.9,0,0.1,3.7,0.8,4,SivantoPrime-high rate @30GPA,4
1-Sep,2-DAT-2,3,201.6,70.5,52.5,324.6,8,4.3,12.3,0,0,3.2,0.1,5,Courier SC @ 30GPA,1
1-Sep,2-DAT-2,19,222.8,62.4,18.9,304.1,10.3,5,15.3,0,0,6.8,0,5,Courier SC @ 30GPA,2
1-Sep,2-DAT-2,50,651.4,223.2,24.6,899.2,2.6,0.4,3,0,0,3,0.6,5,Courier SC @ 30GPA,3
1-Sep,2-DAT-2,56,218.3,24.3,13.2,255.8,0.1,0.2,0.3,0,0,11.8,0.3,5,Courier SC @ 30GPA,4
1-Sep,2-DAT-2,16,19.6,22.8,14.4,56.8,0,0,0,0,0.1,10.7,0.2,6,Assail 70WP @30 GPA,1
1-Sep,2-DAT-2,28,34.8,21.7,16.5,73,0,0,0,0,0,11.6,2.1,6,Assail 70WP @30 GPA,2
1-Sep,2-DAT-2,40,23.6,24.7,12,60.3,0,0,0,0,0,0.8,3.7,6,Assail 70WP @30 GPA,3
1-Sep,2-DAT-2,58,34,25,18.6,77.6,0.2,0,0.2,0.2,0,8.8,0.1,6,Assail 70WP @30 GPA,4
1-Sep,2-DAT-2,10,398,160,297,855,0.3,0.2,0.5,0.1,0,12.6,0,7,Carbine@30 GPA,1
1-Sep,2-DAT-2,27,298.6,199.6,211.4,709.6,0,0,0,0,0,35,0.7,7,Carbine@30 GPA,2
1-Sep,2-DAT-2,45,236.9,51.6,18.7,307.2,0,0.1,0.1,0,0,27.3,0.6,7,Carbine@30 GPA,3
1-Sep,2-DAT-2,64,289.8,173.2,43.6,506.6,0.2,0,0.2,0,0,9.9,0,7,Carbine@30 GPA,4
1-Sep,2-DAT-2,15,4.5,15.8,9.7,30,4.5,2.5,7,0,0,1.1,0.1,8,Orthene 97 + Bifenture EC,1
1-Sep,2-DAT-2,33,118.4,122,63.2,303.6,15.2,2.5,17.7,0,0,22.2,0,8,Orthene 97 + Bifenture EC,2
1-Sep,2-DAT-2,44,64.8,148.4,57,270.2,2.4,0.4,2.8,0,0,2.6,0.2,8,Orthene 97 + Bifenture EC,3
1-Sep,2-DAT-2,61,29.1,115.2,63.4,207.7,10.5,5.7,16.2,0.2,0,2.6,0,8,Orthene 97 + Bifenture EC,4
1-Sep,2-DAT-2,4,41.5,57.5,58,157,1.9,0.8,2.7,0,0,10.9,0,9,Knack,1
1-Sep,2-DAT-2,34,22,30.9,39.1,92,0,0,0,0,0,1.6,0.5,9,Knack,2
1-Sep,2-DAT-2,48,17.1,7.1,16.4,40.6,1.3,0.3,1.6,0,0.1,4.7,0,9,Knack,3
1-Sep,2-DAT-2,68,201.8,263.6,61.8,527.2,0.6,0.4,1,0,0,1.5,2,9,Knack,4
1-Sep,2-DAT-2,13,9.6,20.5,19.1,49.2,1,1.3,2.3,0,0,3.6,0,10,Knack + Bifenture EC,1
1-Sep,2-DAT-2,23,17.8,16.1,32.5,66.4,1.9,1.6,3.5,0.5,0,2.9,0,10,Knack + Bifenture EC,2
1-Sep,2-DAT-2,51,45,236.2,165.6,446.8,0.8,0.2,1,0,0,1.8,0.2,10,Knack + Bifenture EC,3
1-Sep,2-DAT-2,55,38.4,27,157.8,223.2,0.8,1.4,2.2,0,0,2.8,0.2,10,Knack + Bifenture EC,4
1-Sep,2-DAT-2,9,375.1,236.1,147,758.2,0.8,0.2,1,0,0,20.8,0,11,Sefina @ 10 GPA,1
1-Sep,2-DAT-2,32,94.4,122.8,140.4,357.6,0,0,0,0,0,24.4,0,11,Sefina @ 10 GPA,2
1-Sep,2-DAT-2,46,191.4,36.9,14.8,243.1,3.3,0.2,3.5,0,0.2,42,0.1,11,Sefina @ 10 GPA,3
1-Sep,2-DAT-2,67,1045.8,656.8,152.4,1855,11.6,2.4,14,0,0,17.2,0.2,11,Sefina @ 10 GPA,4
1-Sep,2-DAT-2,1,244.7,33,42.1,319.8,1,0.3,1.3,0,0,14.7,0.8,12,PQZ @ 10 GPA,1
1-Sep,2-DAT-2,24,78.5,45.2,19.1,142.8,1.2,0.3,1.5,0,0,13.7,0,12,PQZ @ 10 GPA,2
1-Sep,2-DAT-2,47,191,141,35.4,367.4,1.8,0.4,2.2,0,0,8.6,0,12,PQZ @ 10 GPA,3
1-Sep,2-DAT-2,57,235,97.2,28,360.2,0.2,0,0.2,0,0,44.4,0.1,12,PQZ @ 10 GPA,4
1-Sep,2-DAT-2,12,123,52.5,17,192.5,5.3,1,6.3,0,0,21.1,0,13,SivantoPrime-low rate@ 10GPA,1
1-Sep,2-DAT-2,21,116.5,65.7,30.1,212.3,0.5,0,0.5,0,0,9.4,1.5,13,SivantoPrime-low rate@ 10GPA,2
1-Sep,2-DAT-2,37,57.1,58.9,36.7,152.7,6.8,1.2,8,0,0,9.3,0.1,13,SivantoPrime-low rate@ 10GPA,3
1-Sep,2-DAT-2,53,110.9,116.3,68,295.2,0.2,0.4,0.6,0,0,9.5,0,13,SivantoPrime-low rate@ 10GPA,4
1-Sep,2-DAT-2,8,176.8,138.4,105.1,420.3,5.2,1.6,6.8,0,0,16.6,0.4,14,SivantoPrime-high rate @ 10 GPA,1
1-Sep,2-DAT-2,30,186.8,81.3,64,332.1,0.5,0.1,0.6,0,0,12.9,0,14,SivantoPrime-high rate @ 10 GPA,2
1-Sep,2-DAT-2,39,42.2,54.8,43,140,3.8,0.2,4,0,0,8.9,0,14,SivantoPrime-high rate @ 10 GPA,3
1-Sep,2-DAT-2,65,155,81.6,17.6,254.2,0,0,0,0,0,10,0.4,14,SivantoPrime-high rate @ 10 GPA,4
1-Sep,2-DAT-2,14,20.5,15.4,10.4,46.3,4.8,0.9,5.7,0.4,0,8.3,0,15,Courier SC @10GPA,1
1-Sep,2-DAT-2,26,170.1,84,65.2,319.3,7.1,3.2,10.3,0,0,28.6,0,15,Courier SC @10GPA,2
1-Sep,2-DAT-2,41,450.5,218.7,32.9,702.1,0.4,0.3,0.7,0,0,1.3,1,15,Courier SC @10GPA,3
1-Sep,2-DAT-2,62,723.4,109,41.8,874.2,0,0,0,0,0,3.1,0,15,Courier SC @10GPA,4
1-Sep,2-DAT-2,11,178.4,83,40.5,301.9,1.2,0.4,1.6,0,0,16.2,0.6,16,Assail 70WP @10GPA,1
1-Sep,2-DAT-2,25,186.8,159.6,104.9,451.3,0.4,0,0.4,0.2,0,26.7,2.9,16,Assail 70WP @10GPA,2
1-Sep,2-DAT-2,42,127.5,79.4,33.6,240.5,0.2,0,0.2,0,0,16.8,0.5,16,Assail 70WP @10GPA,3
1-Sep,2-DAT-2,54,151.2,48.8,15.9,215.9,1.3,0.1,1.4,0.1,0.2,10.2,0.3,16,Assail 70WP @10GPA,4
1-Sep,2-DAT-2,7,89.2,74.4,81.5,245.1,8.4,3,11.4,0,0,32.6,0,17,Untreated,1
1-Sep,2-DAT-2,31,212.4,47.3,23.6,283.3,0,0,0,0,0,2.1,0,17,Untreated,2
1-Sep,2-DAT-2,49,257,149.4,52,458.4,19.6,4.8,24.4,0,0,16.4,0,17,Untreated,3
1-Sep,2-DAT-2,66,81.1,69.9,25.4,176.4,21.7,0.6,22.3,0.2,0,37.5,0,17,Untreated,4
6-Sep,7-DAT-2,5,32,9,22.2,63.2,0,0,0,0,0,33.8,0,1,Sefina @ 30GPA,1
6-Sep,7-DAT-2,18,88.4,34.8,33.2,156.4,0.6,0.2,0.8,0,0,20.6,0,1,Sefina @ 30GPA,2
6-Sep,7-DAT-2,43,25.6,29.6,54.2,109.4,0,0,0,0,0,24,0,1,Sefina @ 30GPA,3
6-Sep,7-DAT-2,60,29,38.2,49.4,116.6,0,0,0,0,0,150.6,0,1,Sefina @ 30GPA,4
6-Sep,7-DAT-2,2,15.2,7.2,19.2,41.6,0,0,0,0,0,8.8,0,2,PQZ @ 30GPA,1
6-Sep,7-DAT-2,22,2,3.6,3,8.6,0,0,0,0,0,7.2,0,2,PQZ @ 30GPA,2
6-Sep,7-DAT-2,36,6.4,2.2,3.8,12.4,0,0,0,0,0,5.6,0,2,PQZ @ 30GPA,3
6-Sep,7-DAT-2,59,24.4,18.2,8.2,50.8,0,0,0,0,0,8.4,0,2,PQZ @ 30GPA,4
6-Sep,7-DAT-2,6,12.4,9.4,17.6,39.4,2.6,0,2.6,0,0,37,1.6,3,SivantoPrime-low rate @30GPA,1
6-Sep,7-DAT-2,20,13.2,8.4,19,40.6,0.2,0.2,0.4,0,0,25.2,1,3,SivantoPrime-low rate @30GPA,2
6-Sep,7-DAT-2,38,4.6,3.6,6,14.2,0,0,0,0,0,10.2,0,3,SivantoPrime-low rate @30GPA,3
6-Sep,7-DAT-2,52,30.8,40.2,28.4,99.4,0.2,0,0.2,0,0,12,0,3,SivantoPrime-low rate @30GPA,4
6-Sep,7-DAT-2,17,11.2,15.2,11.8,38.2,1,0,1,0,0,24,0,4,SivantoPrime-high rate @30GPA,1
6-Sep,7-DAT-2,29,12.6,7.4,10.2,30.2,0,0,0,0,0,23.2,0.4,4,SivantoPrime-high rate @30GPA,2
6-Sep,7-DAT-2,35,5.2,3.8,6.8,15.8,0,0,0,0,0,20.8,0,4,SivantoPrime-high rate @30GPA,3
6-Sep,7-DAT-2,63,38.6,29,14.8,82.4,0,0,0,0,0,10.4,0.2,4,SivantoPrime-high rate @30GPA,4
6-Sep,7-DAT-2,3,66,64.8,78.6,209.4,30.4,11,41.4,0.2,0,38,0,5,Courier SC @ 30GPA,1
6-Sep,7-DAT-2,19,97.6,31.4,40.6,169.6,28.8,9.2,38,0,0,25.2,0,5,Courier SC @ 30GPA,2
6-Sep,7-DAT-2,50,496.2,254.4,70.4,821,0,0,0,0,0,35,0,5,Courier SC @ 30GPA,3
6-Sep,7-DAT-2,56,29.6,9.2,11.2,50,0.4,0.2,0.6,0,0,28.2,0,5,Courier SC @ 30GPA,4
6-Sep,7-DAT-2,16,10.2,30.6,50.8,91.6,0.4,0,0.4,0,0,32.2,1.4,6,Assail 70WP @30 GPA,1
6-Sep,7-DAT-2,28,24.8,11.8,19,55.6,0,0,0,0,0,33.2,0.4,6,Assail 70WP @30 GPA,2
6-Sep,7-DAT-2,40,20.8,12.2,7,40,0,0,0,0,0,7.4,5.8,6,Assail 70WP @30 GPA,3
6-Sep,7-DAT-2,58,43,13.4,11.4,67.8,0,0,0,0,0,32.6,0,6,Assail 70WP @30 GPA,4
6-Sep,7-DAT-2,10,128.2,99,89.6,316.8,0,0,0,0,0,76.4,0,7,Carbine@30 GPA,1
6-Sep,7-DAT-2,27,123.2,44.6,52,219.8,0,0,0,0,0,42,0,7,Carbine@30 GPA,2
6-Sep,7-DAT-2,45,88.2,9.6,28.2,126,0,0,0,0,0,137,0,7,Carbine@30 GPA,3
6-Sep,7-DAT-2,64,66.4,35.8,44.8,147,0.2,0,0.2,0,0,85.8,0,7,Carbine@30 GPA,4
6-Sep,7-DAT-2,15,12.8,10.2,29.2,52.2,17.6,5.4,23,0,0,23,0,8,Orthene 97 + Bifenture EC,1
6-Sep,7-DAT-2,33,20.4,22.6,47.4,90.4,42,17.4,59.4,0,0,43.2,0.2,8,Orthene 97 + Bifenture EC,2
6-Sep,7-DAT-2,44,6.2,4.8,9.2,20.2,10.8,2.4,13.2,0,0.2,11.4,0,8,Orthene 97 + Bifenture EC,3
6-Sep,7-DAT-2,61,27,46.2,80,153.2,3,2.2,5.2,0,0,40.6,0,8,Orthene 97 + Bifenture EC,4
6-Sep,7-DAT-2,4,34.8,15.2,31,81,1.2,0,1.2,0,0,22.6,0,9,Knack,1
6-Sep,7-DAT-2,34,4.6,10.4,13.4,28.4,0,0,0,0.2,0,2.6,0,9,Knack,2
6-Sep,7-DAT-2,48,12.2,6.4,10.8,29.4,0,0,0,0,0,13,0,9,Knack,3
6-Sep,7-DAT-2,68,64,50,34.2,148.2,0.8,0,0.8,0,0,19.6,1,9,Knack,4
6-Sep,7-DAT-2,13,18.6,7.8,8.2,34.6,1.4,0.8,2.2,1,0.2,10.2,0,10,Knack + Bifenture EC,1
6-Sep,7-DAT-2,23,2,5.2,9.6,16.8,0.2,0.6,0.8,0,0,1.8,0,10,Knack + Bifenture EC,2
6-Sep,7-DAT-2,51,17,21,36.2,74.2,0,0,0,0,0,7.8,0,10,Knack + Bifenture EC,3
6-Sep,7-DAT-2,55,11.4,16.6,31.6,59.6,0,0.2,0.2,0,0,8.4,0,10,Knack + Bifenture EC,4
6-Sep,7-DAT-2,9,221.2,165,206.6,592.8,3,1.4,4.4,0,0,136,0,11,Sefina @ 10 GPA,1
6-Sep,7-DAT-2,32,161,75.4,114.4,350.8,2.8,0,2.8,0,0,72.6,0,11,Sefina @ 10 GPA,2
6-Sep,7-DAT-2,46,333,43.8,23.2,400,0,0,0,0,0,102,0,11,Sefina @ 10 GPA,3
6-Sep,7-DAT-2,67,830.4,248.6,144.2,1223.2,0.6,0,0.6,0,0,198,0,11,Sefina @ 10 GPA,4
6-Sep,7-DAT-2,1,106.8,81.8,147.6,336.2,0.4,0,0.4,0,0,86.4,0,12,PQZ @ 10 GPA,1
6-Sep,7-DAT-2,24,23.4,11.2,9.2,43.8,0,0,0,0,0,26.8,0.2,12,PQZ @ 10 GPA,2
6-Sep,7-DAT-2,47,48.8,41.4,17.4,107.6,1,0.6,1.6,0,0,40.6,0,12,PQZ @ 10 GPA,3
6-Sep,7-DAT-2,57,117.8,57.2,50.6,225.6,3.6,1,4.6,0,0,144,0,12,PQZ @ 10 GPA,4
6-Sep,7-DAT-2,12,88.6,61.2,33.4,183.2,1,0,1,0,0,60.8,0,13,SivantoPrime-low rate@ 10GPA,1
6-Sep,7-DAT-2,21,55.6,57,43.6,156.2,0.2,0,0.2,0,0,27.4,0,13,SivantoPrime-low rate@ 10GPA,2
6-Sep,7-DAT-2,37,10.2,7,8,25.2,0.2,0,0.2,0,0,30.4,0,13,SivantoPrime-low rate@ 10GPA,3
6-Sep,7-DAT-2,53,32.4,21.6,16.4,70.4,0,0,0,0,0,65.6,0.2,13,SivantoPrime-low rate@ 10GPA,4
6-Sep,7-DAT-2,8,74.6,96.2,114.6,285.4,7,1.2,8.2,0,0,62,0,14,SivantoPrime-high rate @ 10 GPA,1
6-Sep,7-DAT-2,30,33.4,25.2,21.4,80,0.4,0.2,0.6,0,0,20.6,0,14,SivantoPrime-high rate @ 10 GPA,2
6-Sep,7-DAT-2,39,37.4,14.2,12.4,64,0.8,0.4,1.2,0,0,69.4,0,14,SivantoPrime-high rate @ 10 GPA,3
6-Sep,7-DAT-2,65,37.8,25.2,31.8,94.8,0.2,0,0.2,0,0,74.2,0,14,SivantoPrime-high rate @ 10 GPA,4
6-Sep,7-DAT-2,14,4.2,4,4,12.2,5.6,0.6,6.2,0.2,0,23.6,0,15,Courier SC @10GPA,1
6-Sep,7-DAT-2,26,71.8,38.4,42.2,152.4,4.6,1.2,5.8,0,0,46.6,0.2,15,Courier SC @10GPA,2
6-Sep,7-DAT-2,41,194.2,60.4,25.4,280,0,0,0,0,0,23,0.2,15,Courier SC @10GPA,3
6-Sep,7-DAT-2,62,36.8,47,28.4,112.2,0.4,0,0.4,0,0,27.8,0,15,Courier SC @10GPA,4
6-Sep,7-DAT-2,11,171.6,81.4,71.4,324.4,0.8,1,1.8,0,0,52.4,0,16,Assail 70WP @10GPA,1
6-Sep,7-DAT-2,25,61,22.6,32.6,116.2,1.6,0.4,2,0,0,46,0.4,16,Assail 70WP @10GPA,2
6-Sep,7-DAT-2,42,120.4,50.6,39.8,210.8,0,0,0,0,0,100,0,16,Assail 70WP @10GPA,3
6-Sep,7-DAT-2,54,83,24.2,23.6,130.8,0.2,0,0.2,0,0,92.4,0,16,Assail 70WP @10GPA,4
6-Sep,7-DAT-2,7,85.8,58.6,78.2,222.6,8.6,0.6,9.2,0,0,64.4,0.2,17,Untreated,1
6-Sep,7-DAT-2,31,110.6,40.4,22,173,0,0,0,0,0,42,0,17,Untreated,2
6-Sep,7-DAT-2,49,196.6,159.6,32.8,389,4.4,0.2,4.6,0,0,88.6,0,17,Untreated,3
6-Sep,7-DAT-2,66,255.8,59.4,39.2,354.4,21.2,4.4,25.6,0,0,196,0,17,Untreated,4
13-Sep,14-DAT-2,5,40.8,6.8,4.2,51.8,0,0,0,0,0,19.6,0.4,1,Sefina @ 30GPA,1
13-Sep,14-DAT-2,18,89.6,34.6,19.6,143.8,0.4,0,0.4,0,0,9.7,0,1,Sefina @ 30GPA,2
13-Sep,14-DAT-2,43,0.8,10.2,5.4,16.4,0.2,0,0.2,0,0,5.5,0,1,Sefina @ 30GPA,3
13-Sep,14-DAT-2,60,547.4,50.4,25,622.8,0,0,0,0,0,56.6,0.6,1,Sefina @ 30GPA,4
13-Sep,14-DAT-2,2,10.2,2.2,2.8,15.2,0,0,0,0,0,13.8,0.2,2,PQZ @ 30GPA,1
13-Sep,14-DAT-2,22,2.8,5.2,1.4,9.4,0,0,0,0,0,22.1,0,2,PQZ @ 30GPA,2
13-Sep,14-DAT-2,36,0.4,1.2,0,1.6,0,0,0,0,0,11,0,2,PQZ @ 30GPA,3
13-Sep,14-DAT-2,59,45.2,16.6,5.8,67.6,0,0.2,0.2,0,0,18.4,0.8,2,PQZ @ 30GPA,4
13-Sep,14-DAT-2,6,17,8.4,5,30.4,0,0,0,0,0,14.8,0.2,3,SivantoPrime-low rate @30GPA,1
13-Sep,14-DAT-2,20,18,20.6,0.8,39.4,0.2,0,0.2,0,0,11.9,0,3,SivantoPrime-low rate @30GPA,2
13-Sep,14-DAT-2,38,6,5.2,13.2,24.4,0,0,0,0,0,7.1,1.6,3,SivantoPrime-low rate @30GPA,3
13-Sep,14-DAT-2,52,51,23.6,30.8,105.4,0.2,0,0.2,0,0,4.7,1.4,3,SivantoPrime-low rate @30GPA,4
13-Sep,14-DAT-2,17,16,22.4,61.6,100,0.6,0.2,0.8,0,0,28.6,0,4,SivantoPrime-high rate @30GPA,1
13-Sep,14-DAT-2,29,24.8,7.2,4,36,0,0,0,0,0,6.4,3.2,4,SivantoPrime-high rate @30GPA,2
13-Sep,14-DAT-2,35,4.2,6.2,3,13.4,0,0,0,0,0,5.4,0,4,SivantoPrime-high rate @30GPA,3
13-Sep,14-DAT-2,63,7,19.4,13.4,39.8,0,0,0,0,0,8.3,0.4,4,SivantoPrime-high rate @30GPA,4
13-Sep,14-DAT-2,3,94.6,31,41,166.6,28.4,10.6,39,0,0,59,0,5,Courier SC @ 30GPA,1
13-Sep,14-DAT-2,19,91.2,7.8,2,101,9.8,0.4,10.2,0,0,12.7,0.4,5,Courier SC @ 30GPA,2
13-Sep,14-DAT-2,50,21.2,14.2,153.4,188.8,0,0,0,0,0,7.5,0,5,Courier SC @ 30GPA,3
13-Sep,14-DAT-2,56,224.6,18.4,10.8,253.8,22,4,26,0,0,68.3,1.8,5,Courier SC @ 30GPA,4
13-Sep,14-DAT-2,16,121.4,61.6,29.8,212.8,0,0.4,0.4,0,0,38,0.4,6,Assail 70WP @30 GPA,1
13-Sep,14-DAT-2,28,33.2,3.4,3.4,40,1,0,1,0,0,22.4,0.4,6,Assail 70WP @30 GPA,2
13-Sep,14-DAT-2,40,50.8,10.8,5.6,67.2,0,0,0,0,0,9.8,0,6,Assail 70WP @30 GPA,3
13-Sep,14-DAT-2,58,45.4,14,7,66.4,0,0,0,0,0,17.4,0.4,6,Assail 70WP @30 GPA,4
13-Sep,14-DAT-2,10,142.4,34.6,12,189,0,0,0,0,0.2,102,0,7,Carbine@30 GPA,1
13-Sep,14-DAT-2,27,30.4,53,17.6,101,0,0,0,0,0,66,0,7,Carbine@30 GPA,2
13-Sep,14-DAT-2,45,29.8,24.8,68.4,123,0.4,0,0.4,0,0,97.5,0,7,Carbine@30 GPA,3
13-Sep,14-DAT-2,64,83,36.8,14.6,134.4,0,0,0,0,0,54.4,0,7,Carbine@30 GPA,4
13-Sep,14-DAT-2,15,21.4,7.8,32.8,62,20.6,3.6,24.2,0,1,13.4,0,8,Orthene 97 + Bifenture EC,1
13-Sep,14-DAT-2,33,30.8,18.6,9.4,58.8,14,5.2,19.2,0,0,11.2,0.2,8,Orthene 97 + Bifenture EC,2
13-Sep,14-DAT-2,44,4.4,13,8.4,25.8,11.6,0,11.6,0,0,7.9,0,8,Orthene 97 + Bifenture EC,3
13-Sep,14-DAT-2,61,142.8,23.2,10.4,176.4,5.6,0.4,6,0.2,0,37.4,0.4,8,Orthene 97 + Bifenture EC,4
13-Sep,14-DAT-2,4,20,8,15.8,43.8,0,0,0,0,0,20,0,9,Knack,1
13-Sep,14-DAT-2,34,4.6,7.8,8.4,20.8,0,0,0,0,0,2.5,0.6,9,Knack,2
13-Sep,14-DAT-2,48,4.4,1.8,2.4,8.6,0,0,0,0,0,10.7,0,9,Knack,3
13-Sep,14-DAT-2,68,32.8,24.2,40.4,97.4,0.2,0,0.2,0,0.2,4.4,0.8,9,Knack,4
13-Sep,14-DAT-2,13,8.4,9.2,28.4,46,0,0,0,0,0,5,1,10,Knack + Bifenture EC,1
13-Sep,14-DAT-2,23,18,4.8,4.2,27,1,0,1,0,0.4,6.8,0.8,10,Knack + Bifenture EC,2
13-Sep,14-DAT-2,51,34.6,63.4,79.4,177.4,0,0,0,0,0,21.4,0,10,Knack + Bifenture EC,3
13-Sep,14-DAT-2,55,28.4,6.2,0.6,35.2,1,0,1,0,0,5.6,0.2,10,Knack + Bifenture EC,4
13-Sep,14-DAT-2,9,16.4,31,36.4,83.8,0,0,0,0,0,169,0,11,Sefina @ 10 GPA,1
13-Sep,14-DAT-2,32,197.6,133.4,140,471,0,0,0,0,0,64,0,11,Sefina @ 10 GPA,2
13-Sep,14-DAT-2,46,4.6,33,6.6,44.2,0.2,0,0.2,0,0,48.7,0,11,Sefina @ 10 GPA,3
13-Sep,14-DAT-2,67,48,117,46.4,211.4,0,0.2,0.2,0,0,130.5,0,11,Sefina @ 10 GPA,4
13-Sep,14-DAT-2,1,43.2,12.6,14.8,70.6,0.4,0.6,1,0,0,41.6,0,12,PQZ @ 10 GPA,1
13-Sep,14-DAT-2,24,211.4,51.6,16,279,0.4,0,0.4,0.2,0,33.5,0,12,PQZ @ 10 GPA,2
13-Sep,14-DAT-2,47,24,14.4,34.2,72.6,0,0,0,0,0.2,82.5,0,12,PQZ @ 10 GPA,3
13-Sep,14-DAT-2,57,772.4,95.2,46.4,914,1.4,0.2,1.6,0,0,141,0.2,12,PQZ @ 10 GPA,4
13-Sep,14-DAT-2,12,11.4,5.2,31.8,48.4,6.4,0.2,6.6,0,0,47.2,0.2,13,SivantoPrime-low rate@ 10GPA,1
13-Sep,14-DAT-2,21,199.6,65,34,298.6,0.4,0,0.4,0,0,61.6,0,13,SivantoPrime-low rate@ 10GPA,2
13-Sep,14-DAT-2,37,110,13.8,7,130.8,2.2,0.4,2.6,0,0,72.4,0,13,SivantoPrime-low rate@ 10GPA,3
13-Sep,14-DAT-2,53,148.8,54.2,20.2,223.2,3.8,0.6,4.4,0,0,61.5,0,13,SivantoPrime-low rate@ 10GPA,4
13-Sep,14-DAT-2,8,52.2,79.2,45.2,176.6,0,0,0,0,0,41.1,0,14,SivantoPrime-high rate @ 10 GPA,1
13-Sep,14-DAT-2,30,651.4,116.2,66,833.6,1.8,0.6,2.4,0,0,48,0,14,SivantoPrime-high rate @ 10 GPA,2
13-Sep,14-DAT-2,39,0.2,9.6,2.2,12,0,0,0,0,0,60,0,14,SivantoPrime-high rate @ 10 GPA,3
13-Sep,14-DAT-2,65,102,20,9,131,0.4,0,0.4,0,0,87.1,3.2,14,SivantoPrime-high rate @ 10 GPA,4
13-Sep,14-DAT-2,14,18,12.2,5.6,35.8,1,0,1,0,0,16.8,0,15,Courier SC @10GPA,1
13-Sep,14-DAT-2,26,2.8,44,7.6,54.4,1,0,1,0,0,217,0,15,Courier SC @10GPA,2
13-Sep,14-DAT-2,41,0.2,19.6,0.8,20.6,3,0,3,0,0,54.3,0,15,Courier SC @10GPA,3
13-Sep,14-DAT-2,62,14,20.8,23.2,58,0.2,0,0.2,0,0,57.9,0,15,Courier SC @10GPA,4
13-Sep,14-DAT-2,11,10.4,6.8,33,50.2,2,1,3,0,0.2,67.6,0,16,Assail 70WP @10GPA,1
13-Sep,14-DAT-2,25,9.4,11.4,36.6,57.4,0.8,0.2,1,0,0,59.5,0,16,Assail 70WP @10GPA,2
13-Sep,14-DAT-2,42,6,19,0.4,25.4,1.2,0.2,1.4,0,0,83.4,0,16,Assail 70WP @10GPA,3
13-Sep,14-DAT-2,54,255.6,19.2,4,278.8,0.6,0,0.6,0,0,47.9,0.2,16,Assail 70WP @10GPA,4
13-Sep,14-DAT-2,7,21,25.8,93.4,140.2,8.6,0.6,9.2,0,0,49,0,17,Untreated,1
13-Sep,14-DAT-2,31,49.2,13,20.2,82.4,0,0,0,0,0,30.1,0,17,Untreated,2
13-Sep,14-DAT-2,49,10.4,12,52,74.4,2.6,0.8,3.4,0,0,79.3,0,17,Untreated,3
13-Sep,14-DAT-2,66,36,102.6,15.4,154,3,0.2,3.2,0.2,0,118.4,0,17,Untreated,4
Sept 19th,20-DAT-2,5,51.8,12,13,76.8,0,0,0,0,0,6.2,0,1,Sefina @ 30GPA,1
Sept 19th,20-DAT-2,18,22.8,6.6,12.6,42,0.2,0.2,0.4,0,0,4.7,0,1,Sefina @ 30GPA,2
Sept 19th,20-DAT-2,43,81,7.8,5.4,94.2,0,0,0,0,0,3.5,0,1,Sefina @ 30GPA,3
Sept 19th,20-DAT-2,60,659.2,60,24,743.2,0,0,0,0,0,16.1,0,1,Sefina @ 30GPA,4
Sept 19th,20-DAT-2,2,19,2.6,0.8,22.4,0,0,0,0,0,5.4,0,2,PQZ @ 30GPA,1
Sept 19th,20-DAT-2,22,22.8,3.8,3.2,29.8,0.2,0,0.2,0,0,21,0,2,PQZ @ 30GPA,2
Sept 19th,20-DAT-2,36,18.2,5,2.2,25.4,1.6,0.2,1.8,0,0,12.3,0,2,PQZ @ 30GPA,3
Sept 19th,20-DAT-2,59,23.8,3,1.8,28.6,0,0,0,0,0,23.6,0,2,PQZ @ 30GPA,4
Sept 19th,20-DAT-2,6,33.2,8.6,3,44.8,0.4,0,0.4,0,0,3.8,0,3,SivantoPrime-low rate @30GPA,1
Sept 19th,20-DAT-2,20,53.4,15,4.8,73.2,0.4,0,0.4,0,0,10.7,2.2,3,SivantoPrime-low rate @30GPA,2
Sept 19th,20-DAT-2,38,35.8,4.8,3.8,44.4,0,0,0,0,0,5.6,0.8,3,SivantoPrime-low rate @30GPA,3
Sept 19th,20-DAT-2,52,7.6,1.4,1.2,10.2,0.6,0.4,1,0,0,2.9,0,3,SivantoPrime-low rate @30GPA,4
Sept 19th,20-DAT-2,17,24.4,7.2,5.4,37,2.8,0.2,3,0,0,8.9,0,4,SivantoPrime-high rate @30GPA,1
Sept 19th,20-DAT-2,29,41.2,5.6,2.2,49,0,0.2,0.2,0,0,5.1,0,4,SivantoPrime-high rate @30GPA,2
Sept 19th,20-DAT-2,35,37.8,5,8,50.8,1.2,0.2,1.4,0,0,15.6,0.6,4,SivantoPrime-high rate @30GPA,3
Sept 19th,20-DAT-2,63,9.4,2,0.8,12.2,0.2,0,0.2,0,0,2.9,2.2,4,SivantoPrime-high rate @30GPA,4
Sept 19th,20-DAT-2,3,70.4,20.4,10.6,101.4,23.6,8,31.6,0.2,0,13,0,5,Courier SC @ 30GPA,1
Sept 19th,20-DAT-2,19,92.8,13,5,110.8,23.2,9.4,32.6,0,0,6.4,0,5,Courier SC @ 30GPA,2
Sept 19th,20-DAT-2,50,132.2,12,5,149.2,0.8,0.6,1.4,0,0,30.3,0,5,Courier SC @ 30GPA,3
Sept 19th,20-DAT-2,56,359.6,41.6,7.8,409,7.8,4,11.8,0,0,48.3,0,5,Courier SC @ 30GPA,4
Sept 19th,20-DAT-2,16,76.2,8,4.4,88.6,0.6,0,0.6,0,0,11.9,1,6,Assail 70WP @30 GPA,1
Sept 19th,20-DAT-2,28,65.2,4,2.2,71.4,0,0,0,0,0,21.4,2.6,6,Assail 70WP @30 GPA,2
Sept 19th,20-DAT-2,40,64,8.2,5.8,78,0.2,0,0.2,0,0,6.5,4.4,6,Assail 70WP @30 GPA,3
Sept 19th,20-DAT-2,58,93.2,5.2,2,100.4,0,0,0,0,0,14,0.6,6,Assail 70WP @30 GPA,4
Sept 19th,20-DAT-2,10,581.6,143.2,38,762.8,0,0,0,0,0,49,0,7,Carbine@30 GPA,1
Sept 19th,20-DAT-2,27,323.8,69.6,32.8,426.2,0,0,0,0,0,61,0,7,Carbine@30 GPA,2
Sept 19th,20-DAT-2,45,373,27.2,7.4,407.6,0,0,0,0,0,24.2,0,7,Carbine@30 GPA,3
Sept 19th,20-DAT-2,64,535.4,101,89.8,726.2,0,0,0,0,0,34.2,0,7,Carbine@30 GPA,4
Sept 19th,20-DAT-2,15,38.4,14.6,9.4,62.4,6.8,5.8,12.6,0,0,4.2,0,8,Orthene 97 + Bifenture EC,1
Sept 19th,20-DAT-2,33,94.8,20.8,15.4,131,12.8,3.6,16.4,0,0,25.1,0,8,Orthene 97 + Bifenture EC,2
Sept 19th,20-DAT-2,44,11.8,3.8,2.2,17.8,69.2,18.8,88,0,0,2.4,0,8,Orthene 97 + Bifenture EC,3
Sept 19th,20-DAT-2,61,319.4,32.2,11.8,363.4,39.2,11.8,51,0.2,0,19.1,1.6,8,Orthene 97 + Bifenture EC,4
Sept 19th,20-DAT-2,4,34.2,6,1.4,41.6,0.8,0.4,1.2,0,0,10.1,0,9,Knack,1
Sept 19th,20-DAT-2,34,5,0.6,1.4,7,0.2,0,0.2,0,0,8.2,0,9,Knack,2
Sept 19th,20-DAT-2,48,19.4,4.2,1.4,25,0.4,0,0.4,0,0,7.6,0,9,Knack,3
Sept 19th,20-DAT-2,68,13,6.8,9,28.8,0.2,0,0.2,0,0,4.8,1.2,9,Knack,4
Sept 19th,20-DAT-2,13,5.8,2.2,6,14,0.4,0,0.4,0,0,7.9,0,10,Knack + Bifenture EC,1
Sept 19th,20-DAT-2,23,4.4,2.4,1.4,8.2,0,0.2,0.2,0,0,5,0,10,Knack + Bifenture EC,2
Sept 19th,20-DAT-2,51,22.2,24,20.6,66.8,0,0,0,0,0,4,0,10,Knack + Bifenture EC,3
Sept 19th,20-DAT-2,55,10.8,4.6,6.2,21.6,0,0,0,0.2,0,3.8,0,10,Knack + Bifenture EC,4
Sept 19th,20-DAT-2,9,549.6,98.6,66,714.2,1.8,0.8,2.6,0,0,48.5,0,11,Sefina @ 10 GPA,1
Sept 19th,20-DAT-2,32,496.4,98.4,74.6,669.4,2,1.6,3.6,0,0,62.3,0,11,Sefina @ 10 GPA,2
Sept 19th,20-DAT-2,46,533.6,64,25,622.6,0,0,0,0,0,30.1,0,11,Sefina @ 10 GPA,3
Sept 19th,20-DAT-2,67,569,209.8,110,888.8,9,3.2,12.2,0,0,25.2,0,11,Sefina @ 10 GPA,4
Sept 19th,20-DAT-2,1,198.6,27.2,9.2,235,0,0,0,0,0,16.3,0,12,PQZ @ 10 GPA,1
Sept 19th,20-DAT-2,24,338.4,7,7.4,352.8,0,0,0,0,0,42,0,12,PQZ @ 10 GPA,2
Sept 19th,20-DAT-2,47,394.4,35.4,13,442.8,0,0,0,0,0,26.2,0,12,PQZ @ 10 GPA,3
Sept 19th,20-DAT-2,57,793,90,33.6,916.6,1.6,0,1.6,0,0,44.5,0,12,PQZ @ 10 GPA,4
Sept 19th,20-DAT-2,12,314.6,25,4.2,343.8,4,0.6,4.6,0,0,30.5,0,13,SivantoPrime-low rate@ 10GPA,1
Sept 19th,20-DAT-2,21,406.6,46.4,51.4,504.4,12.8,1.6,14.4,0,0,36.8,0,13,SivantoPrime-low rate@ 10GPA,2
Sept 19th,20-DAT-2,37,381,99.2,44.8,525,4,0.6,4.6,0,0,9.5,0,13,SivantoPrime-low rate@ 10GPA,3
Sept 19th,20-DAT-2,53,174.2,22,9.6,205.8,1.2,0.6,1.8,0,0,14.4,0.4,13,SivantoPrime-low rate@ 10GPA,4
Sept 19th,20-DAT-2,8,288,29.4,18.4,335.8,0.4,0.2,0.6,0,0,20.4,0,14,SivantoPrime-high rate @ 10 GPA,1
Sept 19th,20-DAT-2,30,548.8,64.2,35.4,648.4,32.8,13.6,46.4,0,0,77,0,14,SivantoPrime-high rate @ 10 GPA,2
Sept 19th,20-DAT-2,39,334.4,49.2,12.8,396.4,0.6,0.2,0.8,0,0,19.2,0,14,SivantoPrime-high rate @ 10 GPA,3
Sept 19th,20-DAT-2,65,373.6,33.8,18.2,425.6,1.2,0.8,2,0,0,35.4,0.4,14,SivantoPrime-high rate @ 10 GPA,4
Sept 19th,20-DAT-2,14,48.8,5.6,7.6,62,8.6,2.6,11.2,0.2,0,9.8,0,15,Courier SC @10GPA,1
Sept 19th,20-DAT-2,26,985,125.8,88,1198.8,15.4,4,19.4,0,0,31.7,0,15,Courier SC @10GPA,2
Sept 19th,20-DAT-2,41,441.6,36.8,12.6,491,8.6,6.4,15,0,0,33.8,0.4,15,Courier SC @10GPA,3
Sept 19th,20-DAT-2,62,589.6,31.4,14.4,635.4,3,0.8,3.8,0,0,35.4,2.4,15,Courier SC @10GPA,4
Sept 19th,20-DAT-2,11,260.4,63,13,336.4,8.6,5.8,14.4,0,0,32.4,0,16,Assail 70WP @10GPA,1
Sept 19th,20-DAT-2,25,970.6,132.6,92.2,1195.4,2,0,2,0,0,75,0.4,16,Assail 70WP @10GPA,2
Sept 19th,20-DAT-2,42,897.2,79.8,52,1029,1.8,0.2,2,0,0,26.8,0,16,Assail 70WP @10GPA,3
Sept 19th,20-DAT-2,54,434.4,32.2,8.8,475.4,2,0.6,2.6,0,0,22.7,0.4,16,Assail 70WP @10GPA,4
Sept 19th,20-DAT-2,7,313.6,51.8,22.6,388,8,2.4,10.4,0,0,16.5,0,17,Untreated,1
Sept 19th,20-DAT-2,31,349.6,30.6,27.8,408,0.8,0.2,1,0,0,29.9,0,17,Untreated,2
Sept 19th,20-DAT-2,49,281,23,9.6,313.6,11.2,2.4,13.6,0,0,23.1,0,17,Untreated,3
Sept 19th,20-DAT-2,66,1136.2,358.4,135.4,1630,33.6,8,41.6,0,0,53.7,0.4,17,Untreated,4
